INSERT INTO "ValueType" (ID, "Name", "Remarks") VALUES(2, 'BOOL', NULL);
INSERT INTO "ValueType" (ID, "Name", "Remarks") VALUES(3, 'DATE', NULL);
INSERT INTO "ValueType" (ID, "Name", "Remarks") VALUES(4, 'NUM', NULL);
INSERT INTO "ValueType" (ID, "Name", "Remarks") VALUES(5, 'STATUS', NULL);
INSERT INTO "ValueType" (ID, "Name", "Remarks") VALUES(6, 'TEXT', NULL);
INSERT INTO "ValueType" (ID, "Name", "Remarks") VALUES(7, 'TIME', NULL);
INSERT INTO "ValueType" (ID, "Name", "Remarks") VALUES(8, 'REAL', NULL);
INSERT INTO "ValueType" (ID, "Name", "Remarks") VALUES(10, 'BYTE', NULL);
INSERT INTO "ValueType" (ID, "Name", "Remarks") VALUES(11, 'BYTEARRAY', NULL);
INSERT INTO "ValueType" (ID, "Name", "Remarks") VALUES(12, 'CHAR', NULL);
INSERT INTO "ValueType" (ID, "Name", "Remarks") VALUES(13, 'DINT', NULL);
INSERT INTO "ValueType" (ID, "Name", "Remarks") VALUES(14, 'DWORD', NULL);
INSERT INTO "ValueType" (ID, "Name", "Remarks") VALUES(15, 'INT', NULL);
INSERT INTO "ValueType" (ID, "Name", "Remarks") VALUES(17, 'WORD', NULL);

INSERT INTO "Text" (ID, "Remarks") VALUES(0, NULL);
INSERT INTO "Text" (ID, "Remarks") VALUES(60327, NULL);
INSERT INTO "Text" (ID, "Remarks") VALUES(40105, NULL);
INSERT INTO "Text" (ID, "Remarks") VALUES(60329, NULL);
INSERT INTO "Text" (ID, "Remarks") VALUES(60331, NULL);
INSERT INTO "Text" (ID, "Remarks") VALUES(60332, NULL);
INSERT INTO "Text" (ID, "Remarks") VALUES(440636, NULL);
INSERT INTO "Text" (ID, "Remarks") VALUES(440711, NULL);
INSERT INTO "Text" (ID, "Remarks") VALUES(440661, NULL);
INSERT INTO "Text" (ID, "Remarks") VALUES(440686, NULL);
INSERT INTO "Text" (ID, "Remarks") VALUES(60333, NULL);
INSERT INTO "Text" (ID, "Remarks") VALUES(60334, NULL);
INSERT INTO "Text" (ID, "Remarks") VALUES(60336, NULL);
INSERT INTO "Text" (ID, "Remarks") VALUES(60337, NULL);
INSERT INTO "Text" (ID, "Remarks") VALUES(21943, NULL);
INSERT INTO "Text" (ID, "Remarks") VALUES(60335, NULL);
INSERT INTO "Text" (ID, "Remarks") VALUES(60330, NULL);


INSERT INTO "DataBlock" ("Name", "Number", ID, "Remarks", "Enable") VALUES('XDM_PHBXX_00_X_SX', 'DB170', 61, 'Pre-Compression Bottom Height', false);


INSERT INTO "PLCTag" ("ArraySize", "DefaultValue", "Log", "Statistics", "Screensaver", "CycleTime", "Remarks", "Name", "Number", ID, "TextID", "DataBlockID", "ValueTypeID", "UnitCategoryID") VALUES(1, 'False', false, 'False', 'False', 600, NULL, 'PARXX_PB_EncInPlc', 'DBX220.0', 60264, 0, 61, 2, 42);
INSERT INTO "PLCTag" ("ArraySize", "DefaultValue", "Log", "Statistics", "Screensaver", "CycleTime", "Remarks", "Name", "Number", ID, "TextID", "DataBlockID", "ValueTypeID", "UnitCategoryID") VALUES(1, '0', false, 'False', 'False', 600, NULL, 'PARXX_PD_EncRes', 'DBD222', 60265, 0, 61, 13, 64);
INSERT INTO "PLCTag" ("ArraySize", "DefaultValue", "Log", "Statistics", "Screensaver", "CycleTime", "Remarks", "Name", "Number", ID, "TextID", "DataBlockID", "ValueTypeID", "UnitCategoryID") VALUES(1, '0', false, 'False', 'False', 600, NULL, 'PARXX_PF_HomePos', 'DBD226', 60266, 0, 61, 8, 29);
INSERT INTO "PLCTag" ("ArraySize", "DefaultValue", "Log", "Statistics", "Screensaver", "CycleTime", "Remarks", "Name", "Number", ID, "TextID", "DataBlockID", "ValueTypeID", "UnitCategoryID") VALUES(1, '0', false, 'False', 'False', 600, NULL, 'PARXX_PF_Numerator', 'DBD230', 60267, 0, 61, 8, 42);
INSERT INTO "PLCTag" ("ArraySize", "DefaultValue", "Log", "Statistics", "Screensaver", "CycleTime", "Remarks", "Name", "Number", ID, "TextID", "DataBlockID", "ValueTypeID", "UnitCategoryID") VALUES(1, '0', false, 'False', 'False', 600, NULL, 'PARXX_PF_Denominator', 'DBD234', 60268, 0, 61, 8, 42);
INSERT INTO "PLCTag" ("ArraySize", "DefaultValue", "Log", "Statistics", "Screensaver", "CycleTime", "Remarks", "Name", "Number", ID, "TextID", "DataBlockID", "ValueTypeID", "UnitCategoryID") VALUES(1, '0', false, 'False', 'False', 600, NULL, 'PARXX_PF_NulRef', 'DBD238', 60269, 0, 61, 8, 42);
INSERT INTO "PLCTag" ("ArraySize", "DefaultValue", "Log", "Statistics", "Screensaver", "CycleTime", "Remarks", "Name", "Number", ID, "TextID", "DataBlockID", "ValueTypeID", "UnitCategoryID") VALUES(1, '0', false, 'False', 'False', 600, 'Pre compression height Top Calibration positioning Value', 'PARXX_PF_Scl_PosVal', 'DBD242', 60270, 0, 61, 8, 42);
INSERT INTO "PLCTag" ("ArraySize", "DefaultValue", "Log", "Statistics", "Screensaver", "CycleTime", "Remarks", "Name", "Number", ID, "TextID", "DataBlockID", "ValueTypeID", "UnitCategoryID") VALUES(1, 'False', false, 'False', 'False', 600, 'Pre compression height Top Calibration positioning Button', 'CALPX_PX_Scl_Pos.IB_Stt', 'DBX246.0', 60271, 0, 61, 2, 42);
INSERT INTO "PLCTag" ("ArraySize", "DefaultValue", "Log", "Statistics", "Screensaver", "CycleTime", "Remarks", "Name", "Number", ID, "TextID", "DataBlockID", "ValueTypeID", "UnitCategoryID") VALUES(1, 'False', false, 'False', 'False', 600, 'Pre compression height Top Calibration positioning Button', 'CALPX_PX_Scl_Pos.IB_Stp', 'DBX246.1', 60272, 0, 61, 2, 42);
INSERT INTO "PLCTag" ("ArraySize", "DefaultValue", "Log", "Statistics", "Screensaver", "CycleTime", "Remarks", "Name", "Number", ID, "TextID", "DataBlockID", "ValueTypeID", "UnitCategoryID") VALUES(1, 'False', false, 'False', 'False', 600, 'Pre compression height Top Calibration positioning Button', 'CALPX_PX_Scl_Pos.QB_Sta', 'DBX246.2', 60273, 0, 61, 2, 42);
INSERT INTO "PLCTag" ("ArraySize", "DefaultValue", "Log", "Statistics", "Screensaver", "CycleTime", "Remarks", "Name", "Number", ID, "TextID", "DataBlockID", "ValueTypeID", "UnitCategoryID") VALUES(1, 'False', false, 'False', 'False', 600, 'Pre compression height Top Calibration positioning Button', 'CALPX_PX_Scl_Pos.QB_Ena', 'DBX246.3', 60274, 0, 61, 2, 42);
INSERT INTO "PLCTag" ("ArraySize", "DefaultValue", "Log", "Statistics", "Screensaver", "CycleTime", "Remarks", "Name", "Number", ID, "TextID", "DataBlockID", "ValueTypeID", "UnitCategoryID") VALUES(1, 'False', false, 'False', 'False', 600, 'Pre compression height Top Calibration positioning Button', 'CALPX_PX_Scl_Pos.QB_Vis', 'DBX246.4', 60275, 0, 61, 2, 42);
INSERT INTO "PLCTag" ("ArraySize", "DefaultValue", "Log", "Statistics", "Screensaver", "CycleTime", "Remarks", "Name", "Number", ID, "TextID", "DataBlockID", "ValueTypeID", "UnitCategoryID") VALUES(1, 'False', false, 'False', 'False', 0, 'PHB axis height controlled with Danfoss drives', 'PARXX_PB_Dan_PHBXX', 'DBX248.0', 2809, 0, 61, 2, 42);
INSERT INTO "PLCTag" ("ArraySize", "DefaultValue", "Log", "Statistics", "Screensaver", "CycleTime", "Remarks", "Name", "Number", ID, "TextID", "DataBlockID", "ValueTypeID", "UnitCategoryID") VALUES(1, 'False', false, 'False', 'False', 0, 'Fixed PHB', 'PARXX_PB_Fix_PHBXX', 'DBX248.1', 2931, 0, 61, 2, 42);
INSERT INTO "PLCTag" ("ArraySize", "DefaultValue", "Log", "Statistics", "Screensaver", "CycleTime", "Remarks", "Name", "Number", ID, "TextID", "DataBlockID", "ValueTypeID", "UnitCategoryID") VALUES(1, 'False', false, 'False', 'False', 0, 'PHB axis height controlled with relais', 'PARXX_PB_Rel_PHBXX', 'DBX248.2', 3193, 0, 61, 2, 42);
INSERT INTO "PLCTag" ("ArraySize", "DefaultValue", "Log", "Statistics", "Screensaver", "CycleTime", "Remarks", "Name", "Number", ID, "TextID", "DataBlockID", "ValueTypeID", "UnitCategoryID") VALUES(1, 'False', false, 'False', 'False', 0, 'PHB axis height controlled with SEW drives', 'PARXX_PB_Sew_PHBXX', 'DBX248.3', 3259, 0, 61, 2, 42);
INSERT INTO "PLCTag" ("ArraySize", "DefaultValue", "Log", "Statistics", "Screensaver", "CycleTime", "Remarks", "Name", "Number", ID, "TextID", "DataBlockID", "ValueTypeID", "UnitCategoryID") VALUES(1, 'False', false, 'False', 'False', 0, 'position Pre Compression Height Bottom', 'PARXX_PX_Scl.EB_CurOrVol', 'DBX0.0', 6426, 0, 61, 2, 42);
INSERT INTO "PLCTag" ("ArraySize", "DefaultValue", "Log", "Statistics", "Screensaver", "CycleTime", "Remarks", "Name", "Number", ID, "TextID", "DataBlockID", "ValueTypeID", "UnitCategoryID") VALUES(1, '0', false, 'False', 'False', 0, 'position Pre Compression Height Bottom', 'PARXX_PX_Scl.EF_MaxValSen', 'DBD2', 6427, 0, 61, 8, 40);
INSERT INTO "PLCTag" ("ArraySize", "DefaultValue", "Log", "Statistics", "Screensaver", "CycleTime", "Remarks", "Name", "Number", ID, "TextID", "DataBlockID", "ValueTypeID", "UnitCategoryID") VALUES(1, '0', false, 'False', 'False', 0, 'position Pre Compression Height Bottom', 'PARXX_PX_Scl.EF_MinValSen', 'DBD6', 6428, 0, 61, 8, 40);
INSERT INTO "PLCTag" ("ArraySize", "DefaultValue", "Log", "Statistics", "Screensaver", "CycleTime", "Remarks", "Name", "Number", ID, "TextID", "DataBlockID", "ValueTypeID", "UnitCategoryID") VALUES(1, '0', false, 'False', 'False', 0, 'position Pre Compression Height Bottom', 'PARXX_PX_Scl.EF_MaxValScl', 'DBD10', 6429, 0, 61, 8, 29);
INSERT INTO "PLCTag" ("ArraySize", "DefaultValue", "Log", "Statistics", "Screensaver", "CycleTime", "Remarks", "Name", "Number", ID, "TextID", "DataBlockID", "ValueTypeID", "UnitCategoryID") VALUES(1, '0', false, 'False', 'False', 0, 'position Pre Compression Height Bottom', 'PARXX_PX_Scl.EF_MinValScl', 'DBD14', 6430, 0, 61, 8, 29);
INSERT INTO "PLCTag" ("ArraySize", "DefaultValue", "Log", "Statistics", "Screensaver", "CycleTime", "Remarks", "Name", "Number", ID, "TextID", "DataBlockID", "ValueTypeID", "UnitCategoryID") VALUES(1, 'False', false, 'False', 'False', 0, 'Pre Compression Height Bottom', 'CALPX_PX_Scl.EB_CalStt', 'DBX18.0', 6431, 0, 61, 2, 42);
INSERT INTO "PLCTag" ("ArraySize", "DefaultValue", "Log", "Statistics", "Screensaver", "CycleTime", "Remarks", "Name", "Number", ID, "TextID", "DataBlockID", "ValueTypeID", "UnitCategoryID") VALUES(1, 'False', false, 'False', 'False', 0, 'Pre Compression Height Bottom', 'CALPX_PX_Scl.EB_Null.IB_Stt', 'DBX20.0', 6432, 60327, 61, 2, 42);
INSERT INTO "PLCTag" ("ArraySize", "DefaultValue", "Log", "Statistics", "Screensaver", "CycleTime", "Remarks", "Name", "Number", ID, "TextID", "DataBlockID", "ValueTypeID", "UnitCategoryID") VALUES(1, 'False', false, 'False', 'False', 0, 'Pre Compression Height Bottom', 'CALPX_PX_Scl.EB_Null.IB_Stp', 'DBX20.1', 6433, 0, 61, 2, 42);
INSERT INTO "PLCTag" ("ArraySize", "DefaultValue", "Log", "Statistics", "Screensaver", "CycleTime", "Remarks", "Name", "Number", ID, "TextID", "DataBlockID", "ValueTypeID", "UnitCategoryID") VALUES(1, 'False', false, 'False', 'False', 600, 'Pre Compression Height Bottom', 'CALPX_PX_Scl.EB_Null.QB_Sta', 'DBX20.2', 6434, 0, 61, 2, 42);
INSERT INTO "PLCTag" ("ArraySize", "DefaultValue", "Log", "Statistics", "Screensaver", "CycleTime", "Remarks", "Name", "Number", ID, "TextID", "DataBlockID", "ValueTypeID", "UnitCategoryID") VALUES(1, 'False', false, 'False', 'False', 600, 'Pre Compression Height Bottom', 'CALPX_PX_Scl.EB_Null.QB_Ena', 'DBX20.3', 6435, 0, 61, 2, 42);
INSERT INTO "PLCTag" ("ArraySize", "DefaultValue", "Log", "Statistics", "Screensaver", "CycleTime", "Remarks", "Name", "Number", ID, "TextID", "DataBlockID", "ValueTypeID", "UnitCategoryID") VALUES(1, 'False', false, 'False', 'False', 600, 'Pre Compression Height Bottom', 'CALPX_PX_Scl.EB_Null.QB_Vis', 'DBX20.4', 6436, 0, 61, 2, 42);
INSERT INTO "PLCTag" ("ArraySize", "DefaultValue", "Log", "Statistics", "Screensaver", "CycleTime", "Remarks", "Name", "Number", ID, "TextID", "DataBlockID", "ValueTypeID", "UnitCategoryID") VALUES(1, '0', false, 'False', 'False', 600, 'Pre Compression Height Bottom', 'CALPX_PX_Scl.ED_OffsetValue', 'DBD22', 6437, 0, 61, 13, 42);
INSERT INTO "PLCTag" ("ArraySize", "DefaultValue", "Log", "Statistics", "Screensaver", "CycleTime", "Remarks", "Name", "Number", ID, "TextID", "DataBlockID", "ValueTypeID", "UnitCategoryID") VALUES(1, '0', false, 'False', 'False', 0, 'Pre Compression Height Bottom', 'CALPX_PX_Scl.EF_MaxValCal', 'DBD26', 6438, 0, 61, 8, 29);
INSERT INTO "PLCTag" ("ArraySize", "DefaultValue", "Log", "Statistics", "Screensaver", "CycleTime", "Remarks", "Name", "Number", ID, "TextID", "DataBlockID", "ValueTypeID", "UnitCategoryID") VALUES(1, '0', false, 'False', 'False', 0, 'Pre Compression Height Bottom', 'CALPX_PX_Scl.EF_MinValCal', 'DBD30', 6439, 0, 61, 8, 29);
INSERT INTO "PLCTag" ("ArraySize", "DefaultValue", "Log", "Statistics", "Screensaver", "CycleTime", "Remarks", "Name", "Number", ID, "TextID", "DataBlockID", "ValueTypeID", "UnitCategoryID") VALUES(1, '0', false, 'False', 'False', 0, 'Pre Compression Height Bottom', 'CALPX_PX_Scl.EF_MaxValCalScl', 'DBD34', 6440, 0, 61, 8, 29);
INSERT INTO "PLCTag" ("ArraySize", "DefaultValue", "Log", "Statistics", "Screensaver", "CycleTime", "Remarks", "Name", "Number", ID, "TextID", "DataBlockID", "ValueTypeID", "UnitCategoryID") VALUES(1, '0', false, 'False', 'False', 0, 'Pre Compression Height Bottom', 'CALPX_PX_Scl.EF_MinValCalScl', 'DBD38', 6441, 0, 61, 8, 29);
INSERT INTO "PLCTag" ("ArraySize", "DefaultValue", "Log", "Statistics", "Screensaver", "CycleTime", "Remarks", "Name", "Number", ID, "TextID", "DataBlockID", "ValueTypeID", "UnitCategoryID") VALUES(1, '0', false, 'False', 'False', 600, 'Pre Compression Height Bottom', 'HMIXX_XX_TagBox.VF_Act', 'DBD42', 6442, 40105, 61, 8, 29);
INSERT INTO "PLCTag" ("ArraySize", "DefaultValue", "Log", "Statistics", "Screensaver", "CycleTime", "Remarks", "Name", "Number", ID, "TextID", "DataBlockID", "ValueTypeID", "UnitCategoryID") VALUES(1, '0', false, 'False', 'False', 600, 'Pre Compression Height Bottom', 'HMIXX_XX_TagBox.VF_Spt', 'DBD46', 6443, 0, 61, 8, 29);
INSERT INTO "PLCTag" ("ArraySize", "DefaultValue", "Log", "Statistics", "Screensaver", "CycleTime", "Remarks", "Name", "Number", ID, "TextID", "DataBlockID", "ValueTypeID", "UnitCategoryID") VALUES(1, '0', false, 'False', 'False', 0, 'Pre Compression Height Bottom', 'HMIXX_XX_TagBox.UF_Spt', 'DBD50', 6444, 40105, 61, 8, 29);
INSERT INTO "PLCTag" ("ArraySize", "DefaultValue", "Log", "Statistics", "Screensaver", "CycleTime", "Remarks", "Name", "Number", ID, "TextID", "DataBlockID", "ValueTypeID", "UnitCategoryID") VALUES(1, '0', false, 'False', 'False', 600, 'Pre Compression Height Bottom', 'HMIXX_XX_TagBox.VF_Max', 'DBD54', 6445, 0, 61, 8, 29);
INSERT INTO "PLCTag" ("ArraySize", "DefaultValue", "Log", "Statistics", "Screensaver", "CycleTime", "Remarks", "Name", "Number", ID, "TextID", "DataBlockID", "ValueTypeID", "UnitCategoryID") VALUES(1, '0', false, 'False', 'False', 600, 'Pre Compression Height Bottom', 'HMIXX_XX_TagBox.VF_Min', 'DBD58', 6446, 0, 61, 8, 29);
INSERT INTO "PLCTag" ("ArraySize", "DefaultValue", "Log", "Statistics", "Screensaver", "CycleTime", "Remarks", "Name", "Number", ID, "TextID", "DataBlockID", "ValueTypeID", "UnitCategoryID") VALUES(1, '0', false, 'False', 'False', 600, 'Pre Compression Height Bottom', 'HMIXX_XX_TagBox.SI_Sta', 'DBW62', 6447, 0, 61, 15, 42);
INSERT INTO "PLCTag" ("ArraySize", "DefaultValue", "Log", "Statistics", "Screensaver", "CycleTime", "Remarks", "Name", "Number", ID, "TextID", "DataBlockID", "ValueTypeID", "UnitCategoryID") VALUES(1, 'False', false, 'False', 'False', 0, 'Pre Compression Height Bottom', 'HMIXX_XX_TagBox.UB_Chg', 'DBX64.0', 6448, 0, 61, 2, 42);
INSERT INTO "PLCTag" ("ArraySize", "DefaultValue", "Log", "Statistics", "Screensaver", "CycleTime", "Remarks", "Name", "Number", ID, "TextID", "DataBlockID", "ValueTypeID", "UnitCategoryID") VALUES(1, 'False', false, 'False', 'False', 600, 'Pre Compression Height Bottom', 'HMIXX_XX_TagBox.VB_ChgEna', 'DBX64.1', 6449, 0, 61, 2, 42);
INSERT INTO "PLCTag" ("ArraySize", "DefaultValue", "Log", "Statistics", "Screensaver", "CycleTime", "Remarks", "Name", "Number", ID, "TextID", "DataBlockID", "ValueTypeID", "UnitCategoryID") VALUES(1, 'False', false, 'False', 'False', 0, 'Pre Compression Height Bottom', 'HMIXX_XX_TagBox.UB_Stp', 'DBX64.2', 6450, 0, 61, 2, 42);
INSERT INTO "PLCTag" ("ArraySize", "DefaultValue", "Log", "Statistics", "Screensaver", "CycleTime", "Remarks", "Name", "Number", ID, "TextID", "DataBlockID", "ValueTypeID", "UnitCategoryID") VALUES(1, 'False', false, 'False', 'False', 0, 'Pre Compression Height Bottom', 'HMIXX_XX_TagBox.UB_KeyPadOpn', 'DBX64.3', 6451, 0, 61, 2, 42);
INSERT INTO "PLCTag" ("ArraySize", "DefaultValue", "Log", "Statistics", "Screensaver", "CycleTime", "Remarks", "Name", "Number", ID, "TextID", "DataBlockID", "ValueTypeID", "UnitCategoryID") VALUES(1, 'False', false, 'False', 'False', 0, 'Pre Compression Height Bottom', 'HMIXX_XX_TagBox.UB_JogPosMov', 'DBX64.4', 6452, 0, 61, 2, 42);
INSERT INTO "PLCTag" ("ArraySize", "DefaultValue", "Log", "Statistics", "Screensaver", "CycleTime", "Remarks", "Name", "Number", ID, "TextID", "DataBlockID", "ValueTypeID", "UnitCategoryID") VALUES(1, 'False', false, 'False', 'False', 0, 'Pre Compression Height Bottom', 'HMIXX_XX_TagBox.UB_JogNegMov', 'DBX64.5', 6453, 0, 61, 2, 42);
INSERT INTO "PLCTag" ("ArraySize", "DefaultValue", "Log", "Statistics", "Screensaver", "CycleTime", "Remarks", "Name", "Number", ID, "TextID", "DataBlockID", "ValueTypeID", "UnitCategoryID") VALUES(1, 'False', false, 'False', 'False', 0, 'Pre Compression Height Bottom', 'HMIXX_XX_TagBox.UB_JogPosChk', 'DBX64.6', 6454, 0, 61, 2, 42);
INSERT INTO "PLCTag" ("ArraySize", "DefaultValue", "Log", "Statistics", "Screensaver", "CycleTime", "Remarks", "Name", "Number", ID, "TextID", "DataBlockID", "ValueTypeID", "UnitCategoryID") VALUES(1, 'False', false, 'False', 'False', 0, 'Pre Compression Height Bottom', 'HMIXX_XX_TagBox.UB_JogNegChk', 'DBX64.7', 6455, 0, 61, 2, 42);
INSERT INTO "PLCTag" ("ArraySize", "DefaultValue", "Log", "Statistics", "Screensaver", "CycleTime", "Remarks", "Name", "Number", ID, "TextID", "DataBlockID", "ValueTypeID", "UnitCategoryID") VALUES(1, 'False', false, 'False', 'False', 600, 'Pre Compression Height Bottom', 'HMIXX_XX_TagBox.VB_JogPosEna', 'DBX65.0', 6456, 0, 61, 2, 42);
INSERT INTO "PLCTag" ("ArraySize", "DefaultValue", "Log", "Statistics", "Screensaver", "CycleTime", "Remarks", "Name", "Number", ID, "TextID", "DataBlockID", "ValueTypeID", "UnitCategoryID") VALUES(1, 'False', false, 'False', 'False', 600, 'Pre Compression Height Bottom', 'HMIXX_XX_TagBox.VB_JogNegEna', 'DBX65.1', 6457, 0, 61, 2, 42);
INSERT INTO "PLCTag" ("ArraySize", "DefaultValue", "Log", "Statistics", "Screensaver", "CycleTime", "Remarks", "Name", "Number", ID, "TextID", "DataBlockID", "ValueTypeID", "UnitCategoryID") VALUES(1, 'False', false, 'False', 'False', 600, 'Pre Compression Height Bottom', 'HMIXX_XX_TagBox.VB_VisJog', 'DBX65.2', 6458, 0, 61, 2, 42);
INSERT INTO "PLCTag" ("ArraySize", "DefaultValue", "Log", "Statistics", "Screensaver", "CycleTime", "Remarks", "Name", "Number", ID, "TextID", "DataBlockID", "ValueTypeID", "UnitCategoryID") VALUES(1, 'False', false, 'False', 'False', 600, 'Pre Compression Height Bottom', 'HMIXX_XX_TagBox.VB_VisBox', 'DBX65.3', 6459, 0, 61, 2, 42);
INSERT INTO "PLCTag" ("ArraySize", "DefaultValue", "Log", "Statistics", "Screensaver", "CycleTime", "Remarks", "Name", "Number", ID, "TextID", "DataBlockID", "ValueTypeID", "UnitCategoryID") VALUES(1, 'False', false, 'False', 'False', 600, 'Pre Compression Height Bottom', 'HMIXX_XX_TagBox.VB_VisSpt', 'DBX65.4', 6460, 0, 61, 2, 42);
INSERT INTO "PLCTag" ("ArraySize", "DefaultValue", "Log", "Statistics", "Screensaver", "CycleTime", "Remarks", "Name", "Number", ID, "TextID", "DataBlockID", "ValueTypeID", "UnitCategoryID") VALUES(1, '0', false, 'False', 'False', 600, 'Pre Compression Height Total', 'HMIXX_XX_TagBoxTotHgt.VF_Act', 'DBD66', 6461, 60329, 61, 8, 29);
INSERT INTO "PLCTag" ("ArraySize", "DefaultValue", "Log", "Statistics", "Screensaver", "CycleTime", "Remarks", "Name", "Number", ID, "TextID", "DataBlockID", "ValueTypeID", "UnitCategoryID") VALUES(1, '0', false, 'False', 'False', 600, 'Pre Compression Height Total', 'HMIXX_XX_TagBoxTotHgt.VF_Spt', 'DBD70', 6462, 0, 61, 8, 29);
INSERT INTO "PLCTag" ("ArraySize", "DefaultValue", "Log", "Statistics", "Screensaver", "CycleTime", "Remarks", "Name", "Number", ID, "TextID", "DataBlockID", "ValueTypeID", "UnitCategoryID") VALUES(1, '0', false, 'False', 'False', 0, 'Pre Compression Height Total', 'HMIXX_XX_TagBoxTotHgt.UF_Spt', 'DBD74', 6463, 60329, 61, 8, 29);
INSERT INTO "PLCTag" ("ArraySize", "DefaultValue", "Log", "Statistics", "Screensaver", "CycleTime", "Remarks", "Name", "Number", ID, "TextID", "DataBlockID", "ValueTypeID", "UnitCategoryID") VALUES(1, '0', false, 'False', 'False', 600, 'Pre Compression Height Total', 'HMIXX_XX_TagBoxTotHgt.VF_Max', 'DBD78', 6464, 0, 61, 8, 29);
INSERT INTO "PLCTag" ("ArraySize", "DefaultValue", "Log", "Statistics", "Screensaver", "CycleTime", "Remarks", "Name", "Number", ID, "TextID", "DataBlockID", "ValueTypeID", "UnitCategoryID") VALUES(1, '0', false, 'False', 'False', 600, 'Pre Compression Height Total', 'HMIXX_XX_TagBoxTotHgt.VF_Min', 'DBD82', 6465, 0, 61, 8, 29);
INSERT INTO "PLCTag" ("ArraySize", "DefaultValue", "Log", "Statistics", "Screensaver", "CycleTime", "Remarks", "Name", "Number", ID, "TextID", "DataBlockID", "ValueTypeID", "UnitCategoryID") VALUES(1, '0', false, 'False', 'False', 600, 'Pre Compression Height Total', 'HMIXX_XX_TagBoxTotHgt.SI_Sta', 'DBW86', 6466, 0, 61, 15, 42);
INSERT INTO "PLCTag" ("ArraySize", "DefaultValue", "Log", "Statistics", "Screensaver", "CycleTime", "Remarks", "Name", "Number", ID, "TextID", "DataBlockID", "ValueTypeID", "UnitCategoryID") VALUES(1, 'False', false, 'False', 'False', 0, 'Pre Compression Height Total', 'HMIXX_XX_TagBoxTotHgt.UB_Chg', 'DBX88.0', 6467, 0, 61, 2, 42);
INSERT INTO "PLCTag" ("ArraySize", "DefaultValue", "Log", "Statistics", "Screensaver", "CycleTime", "Remarks", "Name", "Number", ID, "TextID", "DataBlockID", "ValueTypeID", "UnitCategoryID") VALUES(1, 'False', false, 'False', 'False', 600, 'Pre Compression Height Total', 'HMIXX_XX_TagBoxTotHgt.VB_ChgEna', 'DBX88.1', 6468, 0, 61, 2, 42);
INSERT INTO "PLCTag" ("ArraySize", "DefaultValue", "Log", "Statistics", "Screensaver", "CycleTime", "Remarks", "Name", "Number", ID, "TextID", "DataBlockID", "ValueTypeID", "UnitCategoryID") VALUES(1, 'False', false, 'False', 'False', 0, 'Pre Compression Height Total', 'HMIXX_XX_TagBoxTotHgt.UB_Stp', 'DBX88.2', 6469, 0, 61, 2, 42);
INSERT INTO "PLCTag" ("ArraySize", "DefaultValue", "Log", "Statistics", "Screensaver", "CycleTime", "Remarks", "Name", "Number", ID, "TextID", "DataBlockID", "ValueTypeID", "UnitCategoryID") VALUES(1, 'False', false, 'False', 'False', 0, 'Pre Compression Height Total', 'HMIXX_XX_TagBoxTotHgt.UB_KeyPadOpn', 'DBX88.3', 6470, 0, 61, 2, 42);
INSERT INTO "PLCTag" ("ArraySize", "DefaultValue", "Log", "Statistics", "Screensaver", "CycleTime", "Remarks", "Name", "Number", ID, "TextID", "DataBlockID", "ValueTypeID", "UnitCategoryID") VALUES(1, 'False', false, 'False', 'False', 0, 'Pre Compression Height Total', 'HMIXX_XX_TagBoxTotHgt.UB_JogPosMov', 'DBX88.4', 6471, 0, 61, 2, 42);
INSERT INTO "PLCTag" ("ArraySize", "DefaultValue", "Log", "Statistics", "Screensaver", "CycleTime", "Remarks", "Name", "Number", ID, "TextID", "DataBlockID", "ValueTypeID", "UnitCategoryID") VALUES(1, 'False', false, 'False', 'False', 0, 'Pre Compression Height Total', 'HMIXX_XX_TagBoxTotHgt.UB_JogNegMov', 'DBX88.5', 6472, 0, 61, 2, 42);
INSERT INTO "PLCTag" ("ArraySize", "DefaultValue", "Log", "Statistics", "Screensaver", "CycleTime", "Remarks", "Name", "Number", ID, "TextID", "DataBlockID", "ValueTypeID", "UnitCategoryID") VALUES(1, 'False', false, 'False', 'False', 0, 'Pre Compression Height Total', 'HMIXX_XX_TagBoxTotHgt.UB_JogPosChk', 'DBX88.6', 6473, 0, 61, 2, 42);
INSERT INTO "PLCTag" ("ArraySize", "DefaultValue", "Log", "Statistics", "Screensaver", "CycleTime", "Remarks", "Name", "Number", ID, "TextID", "DataBlockID", "ValueTypeID", "UnitCategoryID") VALUES(1, 'False', false, 'False', 'False', 0, 'Pre Compression Height Total', 'HMIXX_XX_TagBoxTotHgt.UB_JogNegChk', 'DBX88.7', 6474, 0, 61, 2, 42);
INSERT INTO "PLCTag" ("ArraySize", "DefaultValue", "Log", "Statistics", "Screensaver", "CycleTime", "Remarks", "Name", "Number", ID, "TextID", "DataBlockID", "ValueTypeID", "UnitCategoryID") VALUES(1, 'False', false, 'False', 'False', 600, 'Pre Compression Height Total', 'HMIXX_XX_TagBoxTotHgt.VB_JogPosEna', 'DBX89.0', 6475, 0, 61, 2, 42);
INSERT INTO "PLCTag" ("ArraySize", "DefaultValue", "Log", "Statistics", "Screensaver", "CycleTime", "Remarks", "Name", "Number", ID, "TextID", "DataBlockID", "ValueTypeID", "UnitCategoryID") VALUES(1, 'False', false, 'False', 'False', 600, 'Pre Compression Height Total', 'HMIXX_XX_TagBoxTotHgt.VB_JogNegEna', 'DBX89.1', 6476, 0, 61, 2, 42);
INSERT INTO "PLCTag" ("ArraySize", "DefaultValue", "Log", "Statistics", "Screensaver", "CycleTime", "Remarks", "Name", "Number", ID, "TextID", "DataBlockID", "ValueTypeID", "UnitCategoryID") VALUES(1, 'False', false, 'False', 'False', 600, 'Pre Compression Height Total', 'HMIXX_XX_TagBoxTotHgt.VB_VisJog', 'DBX89.2', 6477, 0, 61, 2, 42);
INSERT INTO "PLCTag" ("ArraySize", "DefaultValue", "Log", "Statistics", "Screensaver", "CycleTime", "Remarks", "Name", "Number", ID, "TextID", "DataBlockID", "ValueTypeID", "UnitCategoryID") VALUES(1, 'False', false, 'False', 'False', 600, 'Pre Compression Height Total', 'HMIXX_XX_TagBoxTotHgt.VB_VisBox', 'DBX89.3', 6478, 0, 61, 2, 42);
INSERT INTO "PLCTag" ("ArraySize", "DefaultValue", "Log", "Statistics", "Screensaver", "CycleTime", "Remarks", "Name", "Number", ID, "TextID", "DataBlockID", "ValueTypeID", "UnitCategoryID") VALUES(1, 'False', false, 'False', 'False', 600, 'Pre Compression Height Total', 'HMIXX_XX_TagBoxTotHgt.VB_VisSpt', 'DBX89.4', 6479, 0, 61, 2, 42);
INSERT INTO "PLCTag" ("ArraySize", "DefaultValue", "Log", "Statistics", "Screensaver", "CycleTime", "Remarks", "Name", "Number", ID, "TextID", "DataBlockID", "ValueTypeID", "UnitCategoryID") VALUES(1, '0', false, 'False', 'False', 600, 'Pre Compression Height Total With Arrow', 'HMIXX_XX_TagBoxTotHgtArr.VF_Act', 'DBD90', 6480, 60330, 61, 8, 29);
INSERT INTO "PLCTag" ("ArraySize", "DefaultValue", "Log", "Statistics", "Screensaver", "CycleTime", "Remarks", "Name", "Number", ID, "TextID", "DataBlockID", "ValueTypeID", "UnitCategoryID") VALUES(1, '0', false, 'False', 'False', 600, 'Pre Compression Height Total With Arrow', 'HMIXX_XX_TagBoxTotHgtArr.VF_Spt', 'DBD94', 6481, 0, 61, 8, 29);
INSERT INTO "PLCTag" ("ArraySize", "DefaultValue", "Log", "Statistics", "Screensaver", "CycleTime", "Remarks", "Name", "Number", ID, "TextID", "DataBlockID", "ValueTypeID", "UnitCategoryID") VALUES(1, '0', false, 'False', 'False', 0, 'Pre Compression Height Total With Arrow', 'HMIXX_XX_TagBoxTotHgtArr.UF_Spt', 'DBD98', 6482, 60330, 61, 8, 29);
INSERT INTO "PLCTag" ("ArraySize", "DefaultValue", "Log", "Statistics", "Screensaver", "CycleTime", "Remarks", "Name", "Number", ID, "TextID", "DataBlockID", "ValueTypeID", "UnitCategoryID") VALUES(1, '0', false, 'False', 'False', 600, 'Pre Compression Height Total With Arrow', 'HMIXX_XX_TagBoxTotHgtArr.VF_Max', 'DBD102', 6483, 0, 61, 8, 29);
INSERT INTO "PLCTag" ("ArraySize", "DefaultValue", "Log", "Statistics", "Screensaver", "CycleTime", "Remarks", "Name", "Number", ID, "TextID", "DataBlockID", "ValueTypeID", "UnitCategoryID") VALUES(1, '0', false, 'False', 'False', 600, 'Pre Compression Height Total With Arrow', 'HMIXX_XX_TagBoxTotHgtArr.VF_Min', 'DBD106', 6484, 0, 61, 8, 29);
INSERT INTO "PLCTag" ("ArraySize", "DefaultValue", "Log", "Statistics", "Screensaver", "CycleTime", "Remarks", "Name", "Number", ID, "TextID", "DataBlockID", "ValueTypeID", "UnitCategoryID") VALUES(1, '0', false, 'False', 'False', 600, 'Pre Compression Height Total With Arrow', 'HMIXX_XX_TagBoxTotHgtArr.SI_Sta', 'DBW110', 6485, 0, 61, 15, 42);
INSERT INTO "PLCTag" ("ArraySize", "DefaultValue", "Log", "Statistics", "Screensaver", "CycleTime", "Remarks", "Name", "Number", ID, "TextID", "DataBlockID", "ValueTypeID", "UnitCategoryID") VALUES(1, 'False', false, 'False', 'False', 0, 'Pre Compression Height Total With Arrow', 'HMIXX_XX_TagBoxTotHgtArr.UB_Chg', 'DBX112.0', 6486, 0, 61, 2, 42);
INSERT INTO "PLCTag" ("ArraySize", "DefaultValue", "Log", "Statistics", "Screensaver", "CycleTime", "Remarks", "Name", "Number", ID, "TextID", "DataBlockID", "ValueTypeID", "UnitCategoryID") VALUES(1, 'False', false, 'False', 'False', 600, 'Pre Compression Height Total With Arrow', 'HMIXX_XX_TagBoxTotHgtArr.VB_ChgEna', 'DBX112.1', 6487, 0, 61, 2, 42);
INSERT INTO "PLCTag" ("ArraySize", "DefaultValue", "Log", "Statistics", "Screensaver", "CycleTime", "Remarks", "Name", "Number", ID, "TextID", "DataBlockID", "ValueTypeID", "UnitCategoryID") VALUES(1, 'False', false, 'False', 'False', 0, 'Pre Compression Height Total With Arrow', 'HMIXX_XX_TagBoxTotHgtArr.UB_Stp', 'DBX112.2', 6488, 0, 61, 2, 42);
INSERT INTO "PLCTag" ("ArraySize", "DefaultValue", "Log", "Statistics", "Screensaver", "CycleTime", "Remarks", "Name", "Number", ID, "TextID", "DataBlockID", "ValueTypeID", "UnitCategoryID") VALUES(1, 'False', false, 'False', 'False', 0, 'Pre Compression Height Total With Arrow', 'HMIXX_XX_TagBoxTotHgtArr.UB_KeyPadOpn', 'DBX112.3', 6489, 0, 61, 2, 42);
INSERT INTO "PLCTag" ("ArraySize", "DefaultValue", "Log", "Statistics", "Screensaver", "CycleTime", "Remarks", "Name", "Number", ID, "TextID", "DataBlockID", "ValueTypeID", "UnitCategoryID") VALUES(1, 'False', false, 'False', 'False', 0, 'Pre Compression Height Total With Arrow', 'HMIXX_XX_TagBoxTotHgtArr.UB_JogPosMov', 'DBX112.4', 6490, 0, 61, 2, 42);
INSERT INTO "PLCTag" ("ArraySize", "DefaultValue", "Log", "Statistics", "Screensaver", "CycleTime", "Remarks", "Name", "Number", ID, "TextID", "DataBlockID", "ValueTypeID", "UnitCategoryID") VALUES(1, 'False', false, 'False', 'False', 0, 'Pre Compression Height Total With Arrow', 'HMIXX_XX_TagBoxTotHgtArr.UB_JogNegMov', 'DBX112.5', 6491, 0, 61, 2, 42);
INSERT INTO "PLCTag" ("ArraySize", "DefaultValue", "Log", "Statistics", "Screensaver", "CycleTime", "Remarks", "Name", "Number", ID, "TextID", "DataBlockID", "ValueTypeID", "UnitCategoryID") VALUES(1, 'False', false, 'False', 'False', 0, 'Pre Compression Height Total With Arrow', 'HMIXX_XX_TagBoxTotHgtArr.UB_JogPosChk', 'DBX112.6', 6492, 0, 61, 2, 42);
INSERT INTO "PLCTag" ("ArraySize", "DefaultValue", "Log", "Statistics", "Screensaver", "CycleTime", "Remarks", "Name", "Number", ID, "TextID", "DataBlockID", "ValueTypeID", "UnitCategoryID") VALUES(1, 'False', false, 'False', 'False', 0, 'Pre Compression Height Total With Arrow', 'HMIXX_XX_TagBoxTotHgtArr.UB_JogNegChk', 'DBX112.7', 6493, 0, 61, 2, 42);
INSERT INTO "PLCTag" ("ArraySize", "DefaultValue", "Log", "Statistics", "Screensaver", "CycleTime", "Remarks", "Name", "Number", ID, "TextID", "DataBlockID", "ValueTypeID", "UnitCategoryID") VALUES(1, 'False', false, 'False', 'False', 600, 'Pre Compression Height Total With Arrow', 'HMIXX_XX_TagBoxTotHgtArr.VB_JogPosEna', 'DBX113.0', 6494, 0, 61, 2, 42);
INSERT INTO "PLCTag" ("ArraySize", "DefaultValue", "Log", "Statistics", "Screensaver", "CycleTime", "Remarks", "Name", "Number", ID, "TextID", "DataBlockID", "ValueTypeID", "UnitCategoryID") VALUES(1, 'False', false, 'False', 'False', 600, 'Pre Compression Height Total With Arrow', 'HMIXX_XX_TagBoxTotHgtArr.VB_JogNegEna', 'DBX113.1', 6495, 0, 61, 2, 42);
INSERT INTO "PLCTag" ("ArraySize", "DefaultValue", "Log", "Statistics", "Screensaver", "CycleTime", "Remarks", "Name", "Number", ID, "TextID", "DataBlockID", "ValueTypeID", "UnitCategoryID") VALUES(1, 'False', false, 'False', 'False', 600, 'Pre Compression Height Total With Arrow', 'HMIXX_XX_TagBoxTotHgtArr.VB_VisJog', 'DBX113.2', 6496, 0, 61, 2, 42);
INSERT INTO "PLCTag" ("ArraySize", "DefaultValue", "Log", "Statistics", "Screensaver", "CycleTime", "Remarks", "Name", "Number", ID, "TextID", "DataBlockID", "ValueTypeID", "UnitCategoryID") VALUES(1, 'False', false, 'False', 'False', 600, 'Pre Compression Height Total With Arrow', 'HMIXX_XX_TagBoxTotHgtArr.VB_VisBox', 'DBX113.3', 6497, 0, 61, 2, 42);
INSERT INTO "PLCTag" ("ArraySize", "DefaultValue", "Log", "Statistics", "Screensaver", "CycleTime", "Remarks", "Name", "Number", ID, "TextID", "DataBlockID", "ValueTypeID", "UnitCategoryID") VALUES(1, 'False', false, 'False', 'False', 600, 'Pre Compression Height Total With Arrow', 'HMIXX_XX_TagBoxTotHgtArr.VB_VisSpt', 'DBX113.4', 6498, 0, 61, 2, 42);
INSERT INTO "PLCTag" ("ArraySize", "DefaultValue", "Log", "Statistics", "Screensaver", "CycleTime", "Remarks", "Name", "Number", ID, "TextID", "DataBlockID", "ValueTypeID", "UnitCategoryID") VALUES(1, 'False', true, '{press.66034}', '{press.66034}', 600, 'Pre-Compression Height Bottom Negative direction Delay', 'LOGXX_SB_NegDel', 'DBX114.0', 6499, 60331, 61, 2, 42);
INSERT INTO "PLCTag" ("ArraySize", "DefaultValue", "Log", "Statistics", "Screensaver", "CycleTime", "Remarks", "Name", "Number", ID, "TextID", "DataBlockID", "ValueTypeID", "UnitCategoryID") VALUES(1, 'False', true, '{press.66034}', '{press.66034}', 600, 'Pre-Compression Height Bottom Positive direction Delay', 'LOGXX_SB_PosDel', 'DBX114.1', 6500, 60332, 61, 2, 42);
INSERT INTO "PLCTag" ("ArraySize", "DefaultValue", "Log", "Statistics", "Screensaver", "CycleTime", "Remarks", "Name", "Number", ID, "TextID", "DataBlockID", "ValueTypeID", "UnitCategoryID") VALUES(1, '0', true, '{press.66034}', '{press.66034}', 600, 'Pre-Compression Height Bottom Negative direction Counter', 'LOGXX_SD_NegCtr', 'DBD116', 6501, 440636, 61, 13, 47);
INSERT INTO "PLCTag" ("ArraySize", "DefaultValue", "Log", "Statistics", "Screensaver", "CycleTime", "Remarks", "Name", "Number", ID, "TextID", "DataBlockID", "ValueTypeID", "UnitCategoryID") VALUES(1, '0', true, '{press.66034}', '{press.66034}', 600, 'Pre-Compression Height Bottom Negative direction Time (s)', 'LOGXX_SD_NegTim', 'DBD120', 6502, 440711, 61, 13, 55);
INSERT INTO "PLCTag" ("ArraySize", "DefaultValue", "Log", "Statistics", "Screensaver", "CycleTime", "Remarks", "Name", "Number", ID, "TextID", "DataBlockID", "ValueTypeID", "UnitCategoryID") VALUES(1, '0', true, '{press.66034}', '{press.66034}', 600, 'Pre-Compression Height Bottom Positive direction Counter', 'LOGXX_SD_PosCtr', 'DBD124', 6503, 440661, 61, 13, 47);
INSERT INTO "PLCTag" ("ArraySize", "DefaultValue", "Log", "Statistics", "Screensaver", "CycleTime", "Remarks", "Name", "Number", ID, "TextID", "DataBlockID", "ValueTypeID", "UnitCategoryID") VALUES(1, '0', true, '{press.66034}', '{press.66034}', 600, 'Pre-Compression Height Bottom Positive direction Time (s)', 'LOGXX_SD_PosTim', 'DBD128', 6504, 440686, 61, 13, 55);
INSERT INTO "PLCTag" ("ArraySize", "DefaultValue", "Log", "Statistics", "Screensaver", "CycleTime", "Remarks", "Name", "Number", ID, "TextID", "DataBlockID", "ValueTypeID", "UnitCategoryID") VALUES(1, '0', true, '{press.66034}', '{press.66034}', 600, 'Pre Compression Height Bottom Maximum Value', 'LOGXX_SF_ActMax', 'DBD132', 6505, 60333, 61, 8, 29);
INSERT INTO "PLCTag" ("ArraySize", "DefaultValue", "Log", "Statistics", "Screensaver", "CycleTime", "Remarks", "Name", "Number", ID, "TextID", "DataBlockID", "ValueTypeID", "UnitCategoryID") VALUES(1, '0', true, '{press.66034}', '{press.66034}', 600, 'Pre Compression Height Bottom Minimum Value', 'LOGXX_SF_ActMin', 'DBD136', 6506, 60334, 61, 8, 29);
INSERT INTO "PLCTag" ("ArraySize", "DefaultValue", "Log", "Statistics", "Screensaver", "CycleTime", "Remarks", "Name", "Number", ID, "TextID", "DataBlockID", "ValueTypeID", "UnitCategoryID") VALUES(1, '0', true, '{press.66034}', '{press.66034}', 600, 'Pre Compression Height Bottom Actual Value', 'LOGXX_SF_ActVal', 'DBD140', 6507, 60335, 61, 8, 29);
INSERT INTO "PLCTag" ("ArraySize", "DefaultValue", "Log", "Statistics", "Screensaver", "CycleTime", "Remarks", "Name", "Number", ID, "TextID", "DataBlockID", "ValueTypeID", "UnitCategoryID") VALUES(1, '0', false, 'False', '{press.66034}', 600, '0', 'LOGXX_SF_ActVal_Scr', 'DBD144', 6508, 60335, 61, 8, 29);
INSERT INTO "PLCTag" ("ArraySize", "DefaultValue", "Log", "Statistics", "Screensaver", "CycleTime", "Remarks", "Name", "Number", ID, "TextID", "DataBlockID", "ValueTypeID", "UnitCategoryID") VALUES(1, '0', true, '{press.66034}', '{press.66034}', 600, 'Pre Compression Height Total Actual Value', 'LOGXX_SF_ActValTotHgt', 'DBD148', 6509, 60336, 61, 8, 29);
INSERT INTO "PLCTag" ("ArraySize", "DefaultValue", "Log", "Statistics", "Screensaver", "CycleTime", "Remarks", "Name", "Number", ID, "TextID", "DataBlockID", "ValueTypeID", "UnitCategoryID") VALUES(1, '0', true, '{press.66034}', '{press.66034}', 600, '0', 'LOGXX_SF_ActValTotHgtScr', 'DBD152', 6510, 60336, 61, 8, 29);
INSERT INTO "PLCTag" ("ArraySize", "DefaultValue", "Log", "Statistics", "Screensaver", "CycleTime", "Remarks", "Name", "Number", ID, "TextID", "DataBlockID", "ValueTypeID", "UnitCategoryID") VALUES(1, '0', true, '{press.66034}', '{press.66034}', 600, 'Pre Compression Height Bottom Set Point Value', 'LOGXX_SF_SptVal', 'DBD156', 6511, 60337, 61, 8, 29);
INSERT INTO "PLCTag" ("ArraySize", "DefaultValue", "Log", "Statistics", "Screensaver", "CycleTime", "Remarks", "Name", "Number", ID, "TextID", "DataBlockID", "ValueTypeID", "UnitCategoryID") VALUES(1, '0', false, 'False', 'False', 0, 'Distance to check (mm)', 'PARXX_PF_DisToChk', 'DBD160', 6512, 0, 61, 8, 55);
INSERT INTO "PLCTag" ("ArraySize", "DefaultValue", "Log", "Statistics", "Screensaver", "CycleTime", "Remarks", "Name", "Number", ID, "TextID", "DataBlockID", "ValueTypeID", "UnitCategoryID") VALUES(1, '0', false, 'False', 'False', 0, 'Initial Value', 'PARXX_PF_IniVal', 'DBD164', 6513, 0, 61, 8, 29);
INSERT INTO "PLCTag" ("ArraySize", "DefaultValue", "Log", "Statistics", "Screensaver", "CycleTime", "Remarks", "Name", "Number", ID, "TextID", "DataBlockID", "ValueTypeID", "UnitCategoryID") VALUES(1, '0', false, 'False', 'False', 0, 'Pre Compression Height Bottom Maximum Limit No Tooling', 'PARXX_PF_MaxLim', 'DBD168', 6514, 0, 61, 8, 29);
INSERT INTO "PLCTag" ("ArraySize", "DefaultValue", "Log", "Statistics", "Screensaver", "CycleTime", "Remarks", "Name", "Number", ID, "TextID", "DataBlockID", "ValueTypeID", "UnitCategoryID") VALUES(1, '0', false, 'False', 'False', 0, 'Pre Compression Height Bottom Minimum Limit No Tooling', 'PARXX_PF_MinLim', 'DBD172', 6515, 0, 61, 8, 29);
INSERT INTO "PLCTag" ("ArraySize", "DefaultValue", "Log", "Statistics", "Screensaver", "CycleTime", "Remarks", "Name", "Number", ID, "TextID", "DataBlockID", "ValueTypeID", "UnitCategoryID") VALUES(1, '0', false, 'False', 'False', 0, 'Movement speed (x 0.1 s/mm)', 'PARXX_PF_MovSpd', 'DBD176', 6516, 0, 61, 8, 34);
INSERT INTO "PLCTag" ("ArraySize", "DefaultValue", "Log", "Statistics", "Screensaver", "CycleTime", "Remarks", "Name", "Number", ID, "TextID", "DataBlockID", "ValueTypeID", "UnitCategoryID") VALUES(1, '0', false, 'False', 'False', 0, 'movement tolerance(%)', 'PARXX_PF_MovTol', 'DBD180', 6517, 0, 61, 8, 44);
INSERT INTO "PLCTag" ("ArraySize", "DefaultValue", "Log", "Statistics", "Screensaver", "CycleTime", "Remarks", "Name", "Number", ID, "TextID", "DataBlockID", "ValueTypeID", "UnitCategoryID") VALUES(1, '0', false, 'False', 'False', 0, 'Scale Calibration Tool Pre compression Height Bottom', 'PARXX_PF_SclCal', 'DBD184', 6518, 0, 61, 8, 33);
INSERT INTO "PLCTag" ("ArraySize", "DefaultValue", "Log", "Statistics", "Screensaver", "CycleTime", "Remarks", "Name", "Number", ID, "TextID", "DataBlockID", "ValueTypeID", "UnitCategoryID") VALUES(1, '0', false, 'False', 'False', 0, 'Scale Sensor Pre compression Height Bottom', 'PARXX_PF_SclSen', 'DBD188', 6519, 0, 61, 8, 33);
INSERT INTO "PLCTag" ("ArraySize", "DefaultValue", "Log", "Statistics", "Screensaver", "CycleTime", "Remarks", "Name", "Number", ID, "TextID", "DataBlockID", "ValueTypeID", "UnitCategoryID") VALUES(1, '0', false, 'False', 'False', 0, 'Pre Compression Height Bottom Setpoint Control Tolerance', 'PARXX_PF_SetRchTol', 'DBD192', 6520, 0, 61, 8, 29);
INSERT INTO "PLCTag" ("ArraySize", "DefaultValue", "Log", "Statistics", "Screensaver", "CycleTime", "Remarks", "Name", "Number", ID, "TextID", "DataBlockID", "ValueTypeID", "UnitCategoryID") VALUES(1, '0', false, 'False', 'False', 0, 'Time Out Tolerance allowed during stop of axis movement', 'PARXX_PF_TimTolAxsMov', 'DBD196', 6521, 0, 61, 8, 55);
INSERT INTO "PLCTag" ("ArraySize", "DefaultValue", "Log", "Statistics", "Screensaver", "CycleTime", "Remarks", "Name", "Number", ID, "TextID", "DataBlockID", "ValueTypeID", "UnitCategoryID") VALUES(1, '0', false, 'False', 'False', 0, 'Tolerance allowed during stop of axis movement', 'PARXX_PF_TolAxsMov', 'DBD200', 6522, 0, 61, 8, 44);
INSERT INTO "PLCTag" ("ArraySize", "DefaultValue", "Log", "Statistics", "Screensaver", "CycleTime", "Remarks", "Name", "Number", ID, "TextID", "DataBlockID", "ValueTypeID", "UnitCategoryID") VALUES(1, '0', false, 'False', 'False', 0, 'Pre Compression Height Bottom Delay Time if Setpoint Position Reached', 'PARXX_PI_SetRchTim', 'DBD204', 6523, 0, 61, 8, 55);
INSERT INTO "PLCTag" ("ArraySize", "DefaultValue", "Log", "Statistics", "Screensaver", "CycleTime", "Remarks", "Name", "Number", ID, "TextID", "DataBlockID", "ValueTypeID", "UnitCategoryID") VALUES(1, '0', false, 'False', 'False', 0, NULL, 'PARXX_PF_Acc', 'DBD208', 6525, 0, 61, 8, 35);
INSERT INTO "PLCTag" ("ArraySize", "DefaultValue", "Log", "Statistics", "Screensaver", "CycleTime", "Remarks", "Name", "Number", ID, "TextID", "DataBlockID", "ValueTypeID", "UnitCategoryID") VALUES(1, '0', false, 'False', 'False', 0, NULL, 'PARXX_PF_Dec', 'DBD212', 6526, 0, 61, 8, 35);
INSERT INTO "PLCTag" ("ArraySize", "DefaultValue", "Log", "Statistics", "Screensaver", "CycleTime", "Remarks", "Name", "Number", ID, "TextID", "DataBlockID", "ValueTypeID", "UnitCategoryID") VALUES(1, '0', false, 'False', 'False', 0, 'Pre Compression Height Bottom difference with fill Depth (in case of fix PHBX)', 'PARXX_PF_DiffFillX', 'DBD216', 6527, 0, 61, 8, 29);
INSERT INTO "PLCTag" ("ArraySize", "DefaultValue", "Log", "Statistics", "Screensaver", "CycleTime", "Remarks", "Name", "Number", ID, "TextID", "DataBlockID", "ValueTypeID", "UnitCategoryID") VALUES(1, 'False', false, 'False', 'False', 0, 'LVDT connected to PLC', 'PARXX_PB_LvdtInPlc', 'DBX249.4', 70888, 21943, 61, 2, 42);
INSERT INTO "PLCTag" ("ArraySize", "DefaultValue", "Log", "Statistics", "Screensaver", "CycleTime", "Remarks", "Name", "Number", ID, "TextID", "DataBlockID", "ValueTypeID", "UnitCategoryID") VALUES(1, 'False', false, 'False', 'False', 600, NULL, 'EVTXX_EB_PHBXX_AnaSenOutRng', 'DBX248.4', 13799, 0, 61, 2, 42);
INSERT INTO "PLCTag" ("ArraySize", "DefaultValue", "Log", "Statistics", "Screensaver", "CycleTime", "Remarks", "Name", "Number", ID, "TextID", "DataBlockID", "ValueTypeID", "UnitCategoryID") VALUES(1, 'False', false, 'False', 'False', 600, NULL, 'EVTXX_EB_PHBXX_ChgMotNotRun', 'DBX249.0', 13804, 0, 61, 2, 42);
INSERT INTO "PLCTag" ("ArraySize", "DefaultValue", "Log", "Statistics", "Screensaver", "CycleTime", "Remarks", "Name", "Number", ID, "TextID", "DataBlockID", "ValueTypeID", "UnitCategoryID") VALUES(1, 'False', false, 'False', 'False', 600, NULL, 'EVTXX_EB_PHBXX_DrvAlm', 'DBX249.1', 13809, 0, 61, 2, 42);
INSERT INTO "PLCTag" ("ArraySize", "DefaultValue", "Log", "Statistics", "Screensaver", "CycleTime", "Remarks", "Name", "Number", ID, "TextID", "DataBlockID", "ValueTypeID", "UnitCategoryID") VALUES(1, 'False', false, 'False', 'False', 600, NULL, 'EVTXX_EB_PHBXX_HrdLowLim', 'DBX249.3', 13814, 0, 61, 2, 42);
INSERT INTO "PLCTag" ("ArraySize", "DefaultValue", "Log", "Statistics", "Screensaver", "CycleTime", "Remarks", "Name", "Number", ID, "TextID", "DataBlockID", "ValueTypeID", "UnitCategoryID") VALUES(1, 'False', false, 'False', 'False', 600, NULL, 'EVTXX_EB_PHBXX_HrdUppLim', 'DBX249.2', 13819, 0, 61, 2, 42);
INSERT INTO "PLCTag" ("ArraySize", "DefaultValue", "Log", "Statistics", "Screensaver", "CycleTime", "Remarks", "Name", "Number", ID, "TextID", "DataBlockID", "ValueTypeID", "UnitCategoryID") VALUES(1, 'False', false, 'False', 'False', 600, NULL, 'EVTXX_EB_PHBXX_LowLim', 'DBX248.7', 13824, 0, 61, 2, 42);
INSERT INTO "PLCTag" ("ArraySize", "DefaultValue", "Log", "Statistics", "Screensaver", "CycleTime", "Remarks", "Name", "Number", ID, "TextID", "DataBlockID", "ValueTypeID", "UnitCategoryID") VALUES(1, 'False', false, 'False', 'False', 600, NULL, 'EVTXX_EB_PHBXX_MtrSenOutWrk', 'DBX248.5', 13829, 0, 61, 2, 42);
INSERT INTO "PLCTag" ("ArraySize", "DefaultValue", "Log", "Statistics", "Screensaver", "CycleTime", "Remarks", "Name", "Number", ID, "TextID", "DataBlockID", "ValueTypeID", "UnitCategoryID") VALUES(1, 'False', false, 'False', 'False', 600, NULL, 'EVTXX_EB_PHBXX_UppLim', 'DBX248.6', 13834, 0, 61, 2, 42);
